<?xml version="1.0"?>
<resources>
    <set path = "images" />
    <atlas>
    <image file="bg-gradent002-lanscape.png"/>
    <image file="block-white-64.png"/>
    <image file="block-alpha-64.png"/>
    <image file="block-white-128.png"/>
    <image file="block-alpha-128.png"/>
    <image file="block-gray-64.png"/>
    <image file="block-gray-128.png"/>
    <image file="block-peace-128.png"/>
    <image file="block-peace2-128.png"/>
    <image file="arrow-alpha-128.png"/>
    <image file="arrow-white-128.png"/>
    <image file="button-long-alpha-128.png"/>
    <image file="button-long-white-128.png"/>
    <image file="button-long-alpha-512.png"/>
    <image file="button-long-white-512.png"/>
    <image file="hint-128.png"/>
    <image file="finger-128.png"/>
    <image file="block3d-white-128.png"/>
    <image file="block3d-alpha-128.png"/>
    <image file="block-metal-128.png"/>
    <image file="dialogbox-1080.png"/>
    <image file="board001-128.png"/>
    <image file="board004-128.png"/>
    <image file="board005-128.png"/>
    <image file="board006-128.png"/>
    <image file="board007-128.png"/>
    <image file="board008-128.png"/>
    <image file="wk.png"/>
    <image file="wq.png"/>
    <image file="wb.png"/>
    <image file="wn.png"/>
    <image file="wr.png"/>
    <image file="wp.png"/>
    <image file="wpb.png"/>
    <image file="bk.png"/>
    <image file="bq.png"/>
    <image file="bb.png"/>
    <image file="bn.png"/>
    <image file="br.png"/>
    <image file="bp.png"/>
    <image file="bpb.png"/>
    </atlas>
    <set path = "fonts" />
    <font file="main.fnt" />
</resources>
